"Iteration","Thrust {row-1_turbine-1} Monitor: Thrust {row-1_turbine-1} Monitor (N)","Thrust {row-1_turbine-2} Monitor: Thrust {row-1_turbine-2} Monitor (N)","Thrust {row-1_turbine-3} Monitor: Thrust {row-1_turbine-3} Monitor (N)","Thrust {row-1_turbine-4} Monitor: Thrust {row-1_turbine-4} Monitor (N)","Thrust {row-1_turbine-5} Monitor: Thrust {row-1_turbine-5} Monitor (N)","Thrust {row-2_turbine-1} Monitor: Thrust {row-2_turbine-1} Monitor (N)","Thrust {row-2_turbine-2} Monitor: Thrust {row-2_turbine-2} Monitor (N)","Thrust {row-2_turbine-3} Monitor: Thrust {row-2_turbine-3} Monitor (N)","Thrust {row-2_turbine-4} Monitor: Thrust {row-2_turbine-4} Monitor (N)","Thrust {row-3_turbine-1} Monitor: Thrust {row-3_turbine-1} Monitor (N)","Thrust {row-3_turbine-2} Monitor: Thrust {row-3_turbine-2} Monitor (N)","Thrust {row-3_turbine-3} Monitor: Thrust {row-3_turbine-3} Monitor (N)","Thrust {row-3_turbine-4} Monitor: Thrust {row-3_turbine-4} Monitor (N)","Thrust {row-3_turbine-5} Monitor: Thrust {row-3_turbine-5} Monitor (N)","Thrust {row-4_turbine-1} Monitor: Thrust {row-4_turbine-1} Monitor (N)","Thrust {row-4_turbine-2} Monitor: Thrust {row-4_turbine-2} Monitor (N)","Thrust {row-4_turbine-3} Monitor: Thrust {row-4_turbine-3} Monitor (N)","Thrust {row-4_turbine-4} Monitor: Thrust {row-4_turbine-4} Monitor (N)","Thrust {row-5_turbine-1} Monitor: Thrust {row-5_turbine-1} Monitor (N)","Thrust {row-5_turbine-2} Monitor: Thrust {row-5_turbine-2} Monitor (N)","Thrust {row-5_turbine-3} Monitor: Thrust {row-5_turbine-3} Monitor (N)","Thrust {row-5_turbine-4} Monitor: Thrust {row-5_turbine-4} Monitor (N)","Thrust {row-5_turbine-5} Monitor: Thrust {row-5_turbine-5} Monitor (N)","Thrust {row-6_turbine-1} Monitor: Thrust {row-6_turbine-1} Monitor (N)","Thrust {row-6_turbine-2} Monitor: Thrust {row-6_turbine-2} Monitor (N)","Thrust {row-6_turbine-3} Monitor: Thrust {row-6_turbine-3} Monitor (N)","Thrust {row-6_turbine-4} Monitor: Thrust {row-6_turbine-4} Monitor (N)"
1.0,0.0,0.0,0.0,0.0,0.0,0.0,0.0,0.0,0.0,0.0,0.0,0.0,0.0,0.0,0.0,0.0,0.0,0.0,0.0,0.0,0.0,0.0,0.0,0.0,0.0,0.0,0.0
2.0,20388.38678789402,11407.3898575752,10994.951695691536,18197.217265387037,32478.18960976798,4037.814596433811,2312.6897011406395,2483.7645594753476,5963.839714141783,8427.538169701425,3246.581033253946,2561.865095250512,2744.960053719016,7166.297975581963,45162.5163463906,23430.807751678203,21880.67794178528,38011.10475075368,94127.85979691337,49378.37205189306,40523.988338156996,42551.20409778259,77124.86577159168,60002.37318111968,38947.07472336535,37564.28112553282,51749.24258232023
3.0,105012.47392030804,80059.89411947849,70594.65541835372,69883.15240171793,92489.62524427386,42831.57630011507,21557.450558993278,19142.69627295043,29295.69082321931,70965.28834734336,27636.794803871402,21618.82263236082,23257.305782922154,53963.73949914321,68060.49045382907,39452.09469836801,37327.33112647812,62601.79916373745,125304.68949163344,56091.58323086612,49402.23817866233,52406.519270530465,112950.06565823527,79073.65147425931,49421.711860541625,48051.977811756915,75958.48647541406
4.0,180820.66076215846,140751.62015441456,118136.70051958405,106846.47318884252,131883.08403725788,80232.93839914286,49192.58218537787,41318.99072471472,54597.97304662832,140464.83449245922,53921.217860553785,44636.7766018469,47893.16839423563,96058.92560549214,76982.95223352748,47530.05618829246,43801.405970418906,70041.05616947493,160692.9263086746,59196.79734152541,53533.17903952624,56132.814307924506,148276.39315919604,89954.30744233119,56381.53246073271,54641.938222141034,91900.72985760335
5.0,239245.37603884266,189052.12740424072,158281.24386285583,138058.85093046952,164110.97288915084,94705.98493106826,61017.21074031583,53908.10499043488,63622.034376842945,198458.04087675642,61193.17535716476,51787.93384986488,53015.3207710851,118406.15622612103,72818.5613388218,49645.664230738505,45787.45949083915,64863.70735259108,182348.1164712611,52556.99402694767,49056.34400245028,50590.58486032462,168449.47138716266,80713.4803966844,53305.059660941246,51453.37601761488,85482.18922602243
6.0,279462.3137030544,223836.00018568052,192146.815044292,166094.82205346777,192032.0755318249,93400.78924691812,68094.5840513746,60696.59851685086,66258.15267336255,249113.78383654388,60685.40132274567,52316.068923809995,51739.89636604398,128720.55259420974,64314.62353545628,50287.34665280531,46083.73397750181,57023.064516380524,209132.2030631677,45995.33034614134,46399.87457656477,44815.07250577439,194939.39883752912,70429.88835512784,52345.54158344908,50039.727499669774,77041.7197737532
7.0,303734.2575585075,247845.1620988797,221500.18087312745,193788.33090681105,218492.7605752582,84500.45664281232,72785.92131426664,65650.19943274444,65541.96877014586,295189.3281430866,57074.17587799303,50654.322524000396,47922.525149277826,129779.8707067656,55855.5348447454,51325.35862624357,47172.45606648237,49450.56318330166,233723.17438130284,38853.01445276931,44176.6453672185,37678.83071956694,217643.43044088312,59995.88148682177,51760.784577049526,49040.55003921039,66801.97213654648
8.0,313866.1330612424,264069.4837528029,246940.15370156744,220687.07411246726,243673.0095229268,78794.72049944813,78951.59355447606,71217.3645282578,66601.89273970913,327790.1312258709,53043.02136610661,49810.01920791991,43937.28836485014,120328.52475321232,50115.30084790358,51208.2881669365,46328.460598552934,41493.92719756667,237695.7014895672,31421.228868777398,40277.12042712758,29879.454701323666,219544.7930456906,50793.86474864367,49874.225027647124,45886.67782798772,56673.57155753588
9.0,312947.6824744616,271869.1050005276,263972.37483810954,243419.80755856476,265809.26919449,80036.36148174517,86308.0486718553,76142.40547909155,68409.33833185535,339075.67544868984,49905.22372034075,48834.473942295874,40690.92262322288,102844.59324981336,50255.28883469379,50684.50688396807,44950.08284468391,38114.31553123654,222805.70269663128,27397.520834508257,37014.74281280424,25209.09244554436,204298.18295813596,45875.33083890948,47804.35122677189,43394.55621625131,50981.09828327457
10.0,303599.70343149384,271500.4781432593,271919.8275344767,259447.21465237552,282950.4254592958,88404.51187604023,94136.60688306425,79766.45191388798,70205.26403401731,325567.0900421558,48074.47066435056,47535.12825622375,37846.66721626994,83033.40904758041,55133.405257598155,50630.53712377238,43741.39322550464,38428.38619812123,192529.3158006113,26095.94678483134,34394.851234792266,23232.541352160126,174128.6045062979,45583.996749971506,45987.03796343499,41885.694887688776,50136.39040932631
11.0,289543.7654484307,266836.7377112356,272304.6782576218,267590.20028886053,292692.63865194947,100278.30304613188,102727.01125171073,82607.37585621887,72145.422488885,291928.43825769564,47327.87548331257,45913.26507129247,35392.475781144145,65387.85456689213,61812.92864565323,50520.20831604638,42718.896811430706,39530.495660640736,158726.72728967853,26283.94337077114,32252.125090088928,22798.807091839935,139790.52532296203,48481.79533338797,45232.52663392448,41440.888451809784,52419.75240449504
12.0,274546.07541394304,259966.9123735257,267683.36515871296,267840.707782869,293252.92935496726,113059.86640579271,111809.85135842937,84917.62448211221,74220.83878476585,252734.55268014074,48154.36603503611,44260.9514206092,33167.85353333954,52485.7319689516,67423.91978872597,50204.17274728197,41700.901431170285,39817.84523653674,132147.35885691634,26790.203892781683,30467.58354168552,22533.720326521678,111538.52567818605,51035.96560860872,44864.023900180335,41275.326097563244,55481.10047700245
13.0,260163.17083118405,251928.04088464208,260257.48446350038,262920.24228357355,286956.3689391812,125012.00712147576,121327.7660131504,86940.96873242166,76319.49614433358,218623.36299100448,49017.29379361201,42531.18156555449,31111.274738509757,41017.279480851466,71376.71737119692,49428.86400389786,40710.06186946297,39186.7947525358,115920.9437380287,26804.178506558324,28704.587246153933,21612.330527276677,91979.85625976806,53470.33495312947,44798.515223446055,41396.56209127882,57770.70399773737
14.0,247375.72892326006,243684.4002694175,251170.92341389434,254827.1018186079,275732.388763705,135992.23328035304,131308.12573662345,88796.13015075843,78184.09545091949,194544.55423458054,50024.87995996401,40998.96473351563,29400.94073332749,31759.4359278383,74052.73874777842,48223.465423525275,39815.96486550172,37975.97667288915,105508.98020013249,26671.1869173315,27060.72579450769,20181.695207120698,77207.96194378253,55839.37055148532,45137.36478540598,42235.1813630815,59215.14695227868
15.0,236651.2767959586,236193.99189683187,242268.7153710674,245454.5238773425,261860.4705729489,146861.05023291853,141868.20354544447,90401.20316588829,79509.78125216541,178683.09759016035,52024.991497340234,40574.833280980776,28492.02990215428,25782.298757855453,76156.50317202487,46145.84945988448,39227.019890940086,37273.461279445815,99259.78128440167,27727.51218365361,26641.553051166404,19183.054624398872,65301.95526588062,58814.03311538009,46125.85319927618,43975.852527327275,61010.178553988786
16.0,228411.57167084658,230017.08224511918,234515.28582596566,236697.1912940662,247730.30839964416,157438.62061488233,152931.18463901873,91913.80435916272,80263.18774464432,167774.91902506244,54729.9049937433,40586.33229836616,28187.144753110253,22189.801183632368,76860.80132689117,43526.45136627915,38369.25127667303,35713.72789843754,94627.31504188346,29251.06512006108,26358.93907440135,18025.496526568942,54647.862346695976,60865.766071232596,46247.3257294823,45399.400813514214,62420.4872246148
17.0,222373.54558562426,225140.45768308797,228048.16487734902,229151.8245245822,234599.58225975078,167821.21495547422,163577.2944834653,93276.56836165581,80417.21612192794,159956.53039270174,58595.94477557784,41071.205226013044,28276.068006474572,21107.636884445812,75593.40063056666,40542.5984540724,37353.389783361206,34271.75444066372,89060.5700418309,32140.954644716847,26535.80254824521,17265.414896545415,43469.14763890316,61676.519232182414,45426.75850221095,46456.63314818,63672.022178408064
18.0,217954.96545484156,221378.942462867,223111.67862927634,222999.55673374824,223603.37071655397,178316.04941965942,172756.58101264035,94326.55869861846,79887.73225488112,152481.76990254933,64116.00558062081,42668.238363667224,28906.7894394586,22233.039873020316,73162.32705110608,37663.963819904864,36209.92910166913,33035.52915842599,82496.68335481446,35843.35125315472,26814.271192012628,16504.6360285931,32497.94012077236,61238.546595854714,43588.14576321627,47029.505776088205,65071.6079541655
19.0,214614.57007402318,218264.86801290515,219034.79466168233,217956.0367754215,214721.92722331072,188000.4344103158,179887.38601610827,94466.13396941678,78447.92804216279,146511.16106930177,71267.34018944595,45875.094862399244,30322.160523709652,25948.70879864616,69055.33530230513,35089.57741383453,34912.08212432129,31515.88658418518,77925.49158104497,40617.270223240936,27277.41907201894,16089.399604657718,27697.029019308386,58966.99848928497,41159.28428625044,47093.27492430445,65054.96117562628
20.0,212486.08034616575,216031.5906398547,215967.93399911953,214014.25989946187,207836.85536592687,196643.517571703,185346.05748466108,94256.54277487526,76566.66720713043,143248.38310264985,79091.87658785794,49653.97496129411,32074.060669519004,32022.875655536034,64970.46224562853,33370.29971087378,33814.26360173598,30074.142325743214,76624.24255119452,45658.910840254386,27469.82022318986,15625.80984787828,26657.77567688306,55577.825920366755,38616.37259865849,46768.629275996434,64495.48664680795
21.0,211376.27900745944,214572.42466316847,213895.22673417945,211156.56396146343,202995.4825419204,204537.70731131147,189078.84815837682,93280.9659617542,74131.70293828571,144679.88953759772,87043.78334828139,53307.30076709676,34072.815187441236,40099.23713072888,60495.18404417839,32003.86270503061,32802.147928773986,28466.01965869481,80862.91293963473,50063.447583197725,27547.68465344514,15435.916942855563,29160.87526095984,51210.15754072198,36141.79161789355,45879.32465735544,62676.625548760785
22.0,210911.25091139905,213932.36603726982,212765.50569615935,209198.3226886373,199888.37870791866,211475.57299303386,191650.91999751594,91889.60451400599,71665.39239758592,150463.65982329613,94549.52727379603,57385.132212757555,36068.70749338817,49024.07087098989,56982.96718928412,31461.41508222468,32040.51344230176,26881.245798055574,88722.89189148686,53193.01667019732,27265.521720123717,15289.346028670436,31966.82554430009,46493.82459239358,34236.52838142679,44717.73189547547,60420.53513486897
23.0,210628.70440970545,213527.66600747855,212169.24363013168,208021.86211014708,197875.78025292518,217839.16522271791,193035.59599446156,89903.60335176045,69201.23768948943,159843.3642316252,101376.04604746023,61638.13864746131,38025.182908192146,55125.66581085939,54455.76974221386,31427.256450536777,31505.722620380973,25716.745483946903,99693.51987664937,55873.50122736434,26856.443758463054,15281.30275712478,34387.8710275412,41175.671953503406,32728.751747861035,43222.78466744591,57848.34305173548
24.0,210484.30046187734,213317.8109827667,211868.61111116668,207374.08747436263,196742.12982663844,223853.40390422376,194030.10503087883,87804.8395045068,67174.37616738936,171043.51859532596,107316.19895186483,65899.24655854033,39836.14776034681,60432.46931735048,53524.07975567192,32366.03009841822,31503.019949362526,24982.268639621314,111646.17686032741,57831.54699178967,26190.98750191548,15268.922696886037,35618.03047969459,37698.926487206,31819.410744614604,41775.6628750561,55652.4002228478
25.0,210324.91878140034,213077.73943162704,211713.16940764294,206933.93233890072,195805.38454286795,229598.35706923108,194620.6425934225,85486.91569850555,65442.9780149437,181802.0326618288,112375.37535023243,69947.07272501651,41445.26022322738,64498.49438553689,54021.29596495657,33836.70899435274,31910.54815134812,25025.791722089587,122576.90437909287,59106.97429099436,25494.452969488564,15287.892425616905,35779.19913742939,35635.15770730662,31243.376865530092,40210.11776557422,53902.58790618796
26.0,210159.60651625067,212841.97753987127,211644.93277426928,206750.81641905548,195060.5804055449,235525.78281124023,195389.26148123152,83368.59569064472,64379.39612272907,190965.04466251103,116783.92937176299,73871.6024028918,42929.978419322564,67243.38766414058,56040.84986886432,36113.25804718427,32810.38610177783,25463.36792827528,131654.45115921643,59714.154214828945,24776.712027854042,15315.331404973369,35271.290128681394,35152.83281207931,31113.5335907777,38895.6556450052,52588.72724805488
27.0,210005.2681296632,212631.5829584838,211659.36772497764,206634.6962984866,194297.5724444341,241414.6316443587,196129.71629004073,81362.50259934741,63681.87048741209,196578.91039835085,120572.09260833688,77460.84932251624,44219.644177496986,68754.26617960565,58711.17354673858,38678.14083590707,34132.02764731893,26646.268117772102,137028.22871198712,59832.93672578344,24191.14502090393,15333.807207460004,33709.871541551125,35707.65576930491,31139.744430765775,37675.58851531733,51760.48232519289
28.0,209736.52805507762,212343.68275193006,211599.8333311832,206549.10512802706,193646.97803925964,247835.88681189946,197363.26023645967,79846.17462420491,63566.45576538054,198927.6325273719,123957.42396607457,80958.62792500209,45652.26676626246,69177.20350060647,61777.70026082741,41594.30266180792,35818.941742585834,28105.197465141606,139929.44196875513,59624.80946566973,23784.352702694458,15432.694422624192,32316.7298377394,37311.54826158184,31456.297125965528,36758.565590321195,50966.09062426722
29.0,209441.038744016,211949.11265086298,211502.76524569173,206584.3958614404,193164.38951652634,253880.49750598098,198686.1208092259,78642.11460524303,63599.97511618291,197801.5887131264,127008.17279468013,84132.42023693588,46979.38015248464,68681.43195713591,64837.71882442804,44570.99948447574,37872.34692261512,30080.824902257715,139374.14321176446,59271.86602017705,23594.15332430949,15518.842155224467,30561.379567539203,39461.36158170855,31860.93738625536,36135.81314524804,50569.2199604008
30.0,209049.46081034516,211542.8303328369,211385.3765055532,206550.62954715986,192669.43623514142,259990.4923940717,200564.8972235139,78099.88282407529,63981.013242108624,194709.27198186613,129660.03233416918,87295.9298872649,48438.64815116518,67783.45996555267,67713.98935376946,47536.744836519545,40179.934941538224,32184.230952993363,137482.28245277534,59046.34764822,23741.41070310577,15763.706215500788,29374.360038905124,41841.66610534454,32372.19516439939,35759.49442467662,50076.84088874309
31.0,208731.4901229886,211182.64954121507,211249.46960546233,206540.69354327137,192457.93174937824,265558.93759792077,203005.38813394675,78360.24283672159,64704.36929056228,190125.9643083384,132064.4689647628,90300.69082339067,49606.878451476674,66576.78887424002,70439.71861529825,49551.460796716405,42638.758861969385,34377.26712123912,133602.299724348,59066.920170714286,24140.80693266244,16058.597073028988,28079.649601296464,44212.231753305336,32937.02787755971,35685.68168332183,49904.5230995398
32.0,208354.6718408866,210722.0425653323,210959.88929840733,206417.67082544343,192335.46735278735,270408.04173838254,206147.74407564942,79531.63750663724,65638.73186875024,184768.31486128937,134183.30359208264,93175.45330298941,50815.01797439621,65430.295216848535,73487.261565746,51124.33658650432,45173.00952378355,36580.543155869935,129131.52444561615,59438.77873512821,24832.272239202786,16436.47922717767,27138.26053873952,46662.00361355376,33451.79133091307,35838.426103942315,49997.57434043518
33.0,207962.9033903828,210193.03485460355,210551.43998874165,206209.56450349544,192297.98222612464,274139.4696460809,209829.6928967855,81703.4418077475,66715.08889819574,179290.65435359447,135949.0832818026,95958.66598875332,52025.88428929637,64417.608614176665,76977.22546175704,52480.78753050919,47752.21999648286,38751.37045076599,124396.89803021397,60238.0900978338,25795.155157727408,16909.032326307875,26557.638366217103,48863.52066837235,33941.98869406966,36163.098283207066,50344.23646364156
34.0,207449.8049582205,209540.05210849966,209942.88077043637,205813.1185700898,192267.0981613289,276626.03250346374,213876.4237284448,84916.56546115351,67764.1336207525,174058.41222712665,137246.37408933457,98582.78527063504,53148.571115232,63478.300530410495,81333.49857117754,53716.69241382195,49625.972839250666,40826.4466020647,119665.18540289096,61484.06706048411,27042.877264747745,17500.926622971387,26338.609029091982,50723.6687413593,34510.514306113015,36726.73704337014,50998.93762193716
35.0,206889.52690996934,208896.44277086548,209336.4512398051,205402.43476276065,192181.05619059087,277690.97386493895,217888.0391623106,89157.09807741814,68813.301098941,169775.05619919449,138280.2324839053,101181.379975214,54368.25467568359,62919.41766096461,86104.11935957498,54767.1671983948,51341.179220761005,42893.76528651175,115058.13709641006,63084.762419263185,28574.818977616276,18241.618024564847,26368.12339974326,52630.222050193755,34954.88625860099,37278.505323635385,51811.251423323745
36.0,206442.56003278814,208361.61854331897,208807.0119828632,205029.81411672488,192292.1275102856,277575.4417540374,221836.55471142262,94484.22358523628,69996.38617458177,166673.6399495968,139007.08774283796,103732.6370977194,55681.32171404993,62565.88068576979,91652.2257679978,55835.96342769441,52977.380134617015,44834.78765154109,110752.42688682787,64809.015303488224,30313.38102989348,19097.349599201374,26542.58459924957,54726.03763468035,35458.440959603904,37907.09676505159,52709.51415028796
37.0,205988.05974745165,207795.712897707,208172.64571871303,204519.2066935484,192405.7963724814,276645.7766855233,225552.6051809531,100931.65673858857,71341.99436851623,165065.38789396244,139498.69758908276,106252.73791883898,56999.29706676886,62475.067460825114,97807.80443563957,57087.56162783393,54587.51444518784,46680.45586219137,107162.14886544284,66610.15313443729,32184.809599253924,20037.654155381457,27052.419493243353,57005.675962143396,36024.96376504614,38579.67678214847,53710.46613074403
38.0,205502.43983478015,207174.95524908445,207448.75961877685,203939.03838874676,192518.17952839873,274928.3480257228,228668.87197163748,108318.21540712586,72886.68887105818,165004.40544788275,139799.20083231674,108824.36653755124,58368.450790771036,62568.865673547756,104204.45712579454,58524.717106204036,56189.94617248983,48400.5454711951,104584.34350963507,68442.87827150887,34198.31822443419,21070.468117519504,27800.097229035226,59376.50882508536,36682.08299031188,39261.17123917974,54674.32818193972
39.0,204943.51961961106,206481.31060960752,206677.21760925517,203307.1347801502,192636.1372278256,272674.50113561127,231070.85557960076,116359.85570762285,74756.91264921616,166512.56032274742,139983.05733552022,111455.39675732404,59803.9746732673,62820.6150985241,110371.70009653276,60190.53956471937,57776.67209207446,49567.9588524473,103313.95953532447,70186.24038744104,36279.987188769876,22206.81496244388,28759.036530247406,61822.32198054786,37485.15294751769,39980.21825278431,55453.87046164623
40.0,204365.58021336028,205782.92710098787,205928.413903546,202703.37948300262,192754.71237688552,270116.95139816124,232837.0282763459,124783.62279694129,77083.70135769073,169319.80743916554,140111.40213789756,114143.92143112149,61312.641032391475,63189.39145554821,115990.68634831625,62081.51426818731,59349.892865638176,50714.76999559773,103473.80350634543,71829.5688114433,38387.383911773584,23430.11705088962,29881.299098150237,64162.87194247884,38417.4865126581,40705.009267383415,55865.60131721111
41.0,203773.93459415628,205068.2749916646,205163.6686236858,202101.28213568078,192888.96487835268,267386.17157910654,234108.52783930278,133328.6354237462,80092.27559634806,173057.0741467924,140236.71602051717,116904.42910538081,62903.53371806823,63658.22804816059,120643.75182062584,64133.29682085286,60913.14262887169,51826.126469314964,105126.62888955807,73375.82368491578,40526.55144404254,24725.97835455196,31133.825507522866,66121.01815789726,39476.13267278351,41474.05483578619,55871.32537112665
42.0,203102.58865906848,204249.33405662928,204283.76536861423,201429.01636870208,193061.1831907391,264499.3035551208,235131.055252896,141852.1362819067,84005.34836579452,177370.82436166846,140364.43362799293,119718.80788991056,64574.96226189113,64123.45064280238,124019.5150067531,66274.97757187592,62451.726079630695,52876.68018102444,108087.27165199703,74909.06479698612,42706.46047554404,26122.261910396177,32453.619674664315,67634.53367195814,40690.23914585453,42318.49995600605,55470.63878340387
43.0,202450.68927285104,203487.80204488084,203519.3447200985,200864.03585206886,193141.19460077546,261267.214592959,235714.780520855,149824.65555637635,88700.12905413419,181915.1325186683,140620.83602224034,122634.40075548146,66326.04634908393,64673.72133451924,125708.88790369351,68391.5051726899,64035.445174968125,54008.925937670225,111704.90553062902,76386.44374834112,44831.348513679186,27538.346140045625,33833.19756608297,68489.48996924791,41920.31012262134,43209.799005049135,54610.81973798254
44.0,201752.95658032293,202621.94533473733,202661.7630319759,200231.9389449122,193310.8852833711,258147.30299896759,236382.4083175741,157573.32224313228,94374.37925289728,186458.50766590302,140958.93727331923,125626.00596035407,68231.13142147884,65284.30660998393,126248.81442373016,70466.1229335553,65546.95233586991,54990.551869462724,116106.13708976864,77860.76598780356,46950.13967576519,29016.24823577437,35098.97320371971,68757.3591332707,43142.610900910346,44085.34294625,53617.15284175995
45.0,201083.42015372138,201854.82303149128,201907.4418457055,199693.8184779395,193392.32219530997,254906.23739437838,236864.03533279896,164959.05255748634,100955.47350783285,190609.97488583231,141355.28779674746,128607.00398236112,70174.36254454979,65914.50390452128,125780.1676544462,72403.96818478177,67126.66262220962,56088.915755187605,120332.72290912792,79328.12529228066,48730.30721544721,30490.11695628243,36370.963976883686,68380.26258507743,44312.793364001285,45053.546080177,52583.80313993543
46.0,200560.50192357914,201215.45563255766,201255.4435498868,199214.81884923988,193523.56776507586,251800.83133630097,237327.2557629956,172338.09843062604,108775.91344656293,194265.05792286104,141868.73390671794,131661.84416041189,72270.8261641518,66607.55374766905,124832.07410757412,74257.89077814539,68683.38374879526,57172.1869075848,124617.42128688552,80778.41029365311,50021.70647504919,31984.931152517674,37515.062812347074,67502.73696552745,45366.17402758913,45977.64180496447,51653.41806325313
47.0,199922.74308560503,200389.47141878636,200365.53637734224,198571.1439475162,193700.7495087616,248792.31099754866,237546.77484346696,179814.68880573244,117782.50616989311,197234.91467771083,142495.15932498287,134872.97012433584,74547.42392573303,67318.56761735048,123613.82154957103,76242.40349517674,70287.39573759957,58122.58407834656,128550.69735512644,82303.77661106955,51253.65799820558,33446.582760335994,38468.4856560598,66180.37389969293,46294.95781373272,46827.07526001034,50803.154876495864
48.0,199341.03789521573,199686.6341754464,199684.88932166543,198096.15370013492,193822.7301821644,245892.41587439328,237318.65783372975,187027.83729970455,127532.49061585648,199639.96825312328,143208.0288405653,137979.90462048026,76837.31310099002,67985.90611316946,122648.71689812472,78239.20162582184,71963.18296831842,59219.612869997625,132195.01665394276,83770.81355866678,52371.13851531672,34871.07037844536,39445.438099265986,64583.688494690956,47148.507587098924,47760.72704867562,50164.67912487247
49.0,198871.0429110482,199112.3952671666,199122.04271895348,197694.9148749286,193962.53588612124,243203.25044034823,236863.32842732398,193891.88460298255,137849.37805181218,201330.64681012413,144039.95068078756,141053.88290138164,79170.9655634337,68676.62068711546,122253.36588798338,80388.84892137782,73722.42601113598,60371.954026049214,135720.3727049754,85234.67363619947,53415.97768593021,36296.599337071304,40333.675863557015,62907.20440561566,47910.01269020307,48470.05157122005,49669.94101962625
50.0,198427.22514277065,198546.72493378483,198541.84512780266,197265.81011831557,194162.04004712877,240777.63733270543,236247.14813214302,200295.9710563672,148366.7120469486,202283.9939557491,144969.76096032624,144169.34651607618,81578.961487608,69408.95013597782,122631.70031328866,82821.51318793255,75642.5912870965,61544.12724114188,139051.6363170918,86716.18536234362,54453.59199833652,37749.569818881515,41111.75072082931,61394.419508487365,48497.4358842051,49007.95092194752,49295.80437325313
51.0,197934.67900677386,197902.7474646588,197837.199707981,196767.67646623217,194378.1515821535,238507.9797594215,235355.60114117232,205952.99632277508,158646.50676022444,202575.36561739503,145981.85007934194,147392.22642294766,84088.40105865008,70164.4618898137,123559.74735300867,85520.87518250749,77740.9565190744,62701.64613740433,142158.80339108748,88219.36496276433,55518.5574532664,39235.98194405982,41806.388452217805,60206.62482648039,49067.27836020358,49575.14076018892,49063.68669998492
52.0,197470.10344655017,197302.55178450988,197241.6835540276,196350.3207511458,194508.6272349085,236231.3538969721,234056.37490940464,210560.23537646706,168258.20836154182,202526.52986208873,147060.07816403077,150603.04680755726,86596.77105555587,70914.69198390166,124887.6571436864,88446.63382592183,80067.4062419985,64000.50782741245,144906.91320546824,89647.79736527524,56541.198027790866,40723.863131746766,42601.03706556969,59515.936903289454,49715.52403098835,50194.25107633196,48969.36957963788
53.0,196954.84156488598,196640.44616006938,196570.15117552716,195862.59721549373,194630.69020910602,234032.3001638217,232562.11248247762,214086.4098990609,176838.22382203722,202057.62314142176,148136.24938220967,153797.11573194904,89029.70066931218,71617.00328179664,126429.99216726238,91303.38962840504,82471.30982793143,65219.94990844913,147343.3565502385,91038.35564542352,57627.21748302489,42270.79381759181,43213.87465936862,59439.94911439179,50419.90050252565,50819.8897286774,48980.92196787708
54.0,196489.71176985544,196084.69931718442,196013.32037602854,195481.75162552748,194724.8989097169,231882.9689488218,230974.99659228534,216592.41031624764,184069.82150330345,201617.58179890315,149324.68521441426,156933.01903107314,91338.1212566635,72350.43242426468,128103.61311311257,94267.53436586136,85084.14796381742,66525.14257136249,149486.75135747198,92326.254029773,58657.56636384396,43774.33281367332,43933.76905474993,59855.88422268063,51238.95056749493,51478.88697490633,49068.0890637456
55.0,196110.23916242487,195621.98709919947,195544.4917891456,195149.182510593,194807.8197135838,229965.38363418414,229439.49898766153,218259.16269685622,189920.94412965266,201207.65860778833,150684.00570555648,160145.26737736072,93546.84630546115,73210.03397458392,129646.95418243743,97144.88137985219,87894.9470431715,67894.38913654894,151136.25292975892,93547.05460636453,59726.79771505858,45286.06520007817,44580.10660340418,60710.866781671226,52079.01604852291,52120.393054643595,49184.03036566285
56.0,195775.77211616124,195188.0161575946,195073.26466770444,194790.62046497635,194887.21261970795,228329.56796829082,228054.70025409217,219392.6142519189,194663.39602872916,200818.12970257847,152149.29417130773,163519.82915827527,95719.18030814789,74210.6503351884,131004.7666544863,99879.75439689639,90835.47718334208,69289.91120136705,152247.46544449698,94696.79739911569,60891.185794379264,46881.02191428266,45162.13421663777,61825.307362181986,52976.151144278265,52762.526998924586,49309.936514442765
57.0,195490.3349747404,194791.74673873917,194619.8734950352,194433.45638123868,194944.88482085348,226896.3616463367,226784.96801156344,220161.9914725545,198497.62211153653,200444.31386506537,153591.19670178375,167032.96941124223,97865.89983088632,75356.70583619391,132147.49112597262,102512.00333887992,93967.62067731269,70712.3273982494,152888.6718806805,95784.68269107172,62127.82314122404,48416.946305471276,45766.3036824938,63072.20912229331,53946.81220389086,53426.43546271923,49460.21120266347
58.0,195247.64967941673,194449.5124091081,194214.5546756334,194113.138715829,194986.19422312567,225564.3335148777,225625.42435633426,220635.54490834958,201583.0590862649,200111.0660757529,154988.88384090862,170721.39761401137,100023.07191201099,76671.93361301807,133211.91704751685,104908.55098888841,97236.11326449567,72167.37929933626,153097.22663319303,96825.92511491741,63423.89970756976,49539.91053376222,46388.034897942314,64357.09918441495,54974.83178278509,54122.784024657725,49650.14349012648
59.0,195051.02549630494,194162.0899374352,193861.89658020524,193836.1416191243,195018.52964827185,224250.37506320368,224533.1071320181,220845.4986462142,204049.57121287365,199694.85582520068,156157.12700529312,174472.9907173609,102176.74534553946,78081.55448469345,134351.69234994095,106948.6036503561,100550.87931727985,73585.69481987787,152810.37912318922,97815.66911268473,64790.62594337142,50711.590946215365,46943.28418520697,65602.63705403928,56057.18239852237,54872.09083655513,49896.83964383348
60.0,194887.6599493264,193922.74523876698,193580.30857295977,193612.9604721659,195022.68039907105,222961.27246883558,223474.86387733734,220844.3618834701,205982.03457448634,199420.4942416985,157144.493179459,178274.21173267055,104313.02957743671,79690.5399131457,135479.80376381258,108741.74060777813,103961.42779349296,75045.229575818,152313.08131861483,98850.44782762066,66188.38540128492,51911.33178613546,47682.59726517997,66701.50069964993,57180.20049568431,55675.904512553825,50191.02606101963
61.0,194722.44452441204,193706.4266073684,193340.53063441569,193406.46414703445,194996.30987068513,221810.6521755583,222458.27165819952,220652.6493448459,207439.77414053387,199381.53588646682,158082.4802723461,182233.51341927832,106535.11751499218,81557.74833869365,136778.7803108013,110216.59564543089,107333.9115573923,76533.96645925709,151284.8460193526,99864.40015264122,67621.31319578506,53118.36036962176,48306.297198823755,67734.31679257438,58304.93567694148,56517.97032061873,50560.032243886795
62.0,194592.14960259537,193544.8411749077,193138.7344829745,193222.4428834397,194932.7717514551,220589.87562122327,221382.40604218384,220233.65464154445,208446.39805026742,199265.94921702574,158634.71365635734,186166.7124242599,108788.89828865815,83474.56280333144,138256.3209775323,111594.63923374463,110710.85723425457,77990.25701813732,150009.79771800083,100821.49215678417,69135.5639028231,54362.18628978548,48701.220928792325,68644.12349538346,59473.79845348665,57429.86150723828,50956.098461751404
63.0,194480.46757216647,193405.33708460862,192970.11443595175,193064.71443942477,194857.31841685766,219447.851941792,220296.02277868066,219630.95696608452,208970.7498612293,199207.62007089998,158951.78976039178,189995.05409659812,111133.05621431419,85569.45449448118,139723.5750205217,112831.04316229792,114041.15902016088,79447.5984286844,148774.19529598518,101832.93938751113,70736.91203808536,55693.69516527007,49235.872766830005,69412.23546562967,60639.34197625113,58383.97433523185,51392.029078250394
64.0,194369.64931809373,193266.09380374363,192812.3975864004,192919.6922299475,194779.43106887952,218439.05004711403,219231.49336273537,218873.46698603616,209145.81199564162,199368.83281238005,159181.653057013,193841.12912357942,113664.03310458956,87896.57943956349,141200.1457324364,113895.27189768606,117291.24954760514,80914.31444535284,147238.45519812117,102834.025641059,72374.14103117965,57033.06947659759,49789.244842216394,70116.5944787846,61817.09940514468,59388.6888532919,51874.93104865739
65.0,194261.76008061148,193140.9300616408,192667.60406515974,192789.62172466394,194684.32706112688,217546.9060500136,218201.7791909376,217957.0930152838,208995.7863204791,199611.7293392566,159303.40630871934,197691.2496694959,116436.3985143249,90388.7219527753,142688.12391861656,114878.81544827431,120445.2583727447,82391.7511882494,145441.47796542422,103832.31868378838,74078.25473890563,58394.042025360526,50352.81713191462,70767.92159055463,63034.602762940274,60461.74832412438,52405.33889271982
66.0,194209.04569320686,193082.07367112106,192598.41722240785,192718.04813683886,194587.68374055313,216693.9022430374,217180.5266666117,216872.58888685342,208516.45079712538,199714.22219042995,159204.6648238142,201347.79003345818,119403.21814026352,92953.6016339293,144118.74715943233,115873.23423402492,123516.7800753701,83883.88275381611,143513.89418085257,104826.8488061179,75879.57769499253,59796.503428793636,50922.83819765457,71314.4965673936,64243.8756332781,61575.407420223855,52959.578373826735
67.0,194191.55777440505,193055.2146958236,192555.74495673002,192670.11129670517,194513.86968300733,215904.75971695682,216200.55129158724,215748.13313753743,207883.77493564456,199710.05389563975,158928.87046813138,204787.43983051777,122553.03305369608,95588.69513876528,145414.04760025267,116911.30139442981,126477.98754221857,85379.07888565354,141580.23300015545,105819.39811655089,77792.40935777675,61300.903518074076,51609.72734104405,71765.65092060818,65420.19560451006,62727.53234710121,53544.662949410216
68.0,194217.41009949928,193107.0863691758,192598.31776014366,192684.75146236797,194427.87407780226,215037.95277746164,215113.47829623465,214387.12988673704,206991.48440428902,199445.93506066577,158446.6952998632,207852.37984856276,125848.45461449586,98192.55409231622,146500.91164611166,117973.18012427248,129284.83767061727,86800.07574440859,139386.288610215,106692.30758195232,79647.35630095507,62738.251874032336,52259.17901296974,72131.68719358914,66570.08997524081,63918.90462588547,54159.85301271117
69.0,194225.23880337353,193125.3011912556,192618.7358033266,192679.78032932847,194336.98960228104,214281.15401805137,214137.309269978,213052.44902264368,206013.7958691093,198998.0132946993,157937.2622169245,210510.7459187354,129380.88743565601,100824.66131269424,147421.64779843707,119080.72460312111,131961.71766008332,88265.49624015995,137235.61296003268,107496.86790527159,81604.14064913546,64289.63399186617,53060.0938979962,72485.9673627717,67667.27720306983,65129.97544069944,54828.69168228152
70.0,194201.4758040998,193107.34477936605,192600.91019812538,192656.28004748034,194241.00137565422,213625.81781278938,213260.55575824887,211717.45869946183,205004.53216571716,198491.07589909228,157520.16825716328,212806.02210638093,133246.2130034372,103537.33023574253,148184.53819306282,120258.34863730207,134588.83778822087,89752.03406947434,135142.85014702164,108231.22358498738,83564.92796674292,65854.85840087944,53921.31750805044,72843.45735524138,68758.51027776072,66368.60828733434,55533.82494752395
71.0,194161.25092838547,193080.98672005098,192584.85352035682,192638.35414239444,194126.4573948754,213040.33033742665,212463.74505197976,210378.23244712484,203987.36695450568,197905.36444078814,157219.90467949104,214695.56613609573,137431.61267163497,106318.33986670787,148795.70486472943,121491.7872973087,137133.8719883351,91238.42102842443,133280.19433370087,108905.9134561544,85504.23555140667,67395.96537951399,54825.19790818473,73188.50323681367,69818.48371761378,67621.16405746677,56269.3977481434
72.0,194140.96838741424,193088.42958407267,192615.76804964157,192656.21771009418,194011.8893097854,212453.23312672586,211686.9470286981,209038.70291921025,202980.78590832071,197180.33308892592,157010.10776739338,216119.77681119772,141850.1870423107,109122.15841515212,149267.3679156865,122806.56944505444,139583.8363120441,92726.32292718765,131743.0649876457,109506.7150559995,87424.26179364245,68910.59401411642,55746.54996123289,73513.38733920311,70826.16073810615,68870.05896004653,57025.76799922762
73.0,194140.1949650361,193121.4195416396,192654.9826349174,192674.0664097827,193929.6113018971,211940.95351721646,210971.2184693839,207844.88553596518,202038.014161265,196268.89289745252,156854.9220939301,217001.89743001843,146465.31681899386,111905.90025034535,149648.09092371218,124199.96344489901,141986.58919257144,94229.40626467326,130502.1703853444,110035.1159225952,89365.1897228733,70463.60348890182,56732.23330272673,73857.9693160174,71788.07478973754,70087.9474956378,57803.246391143555
74.0,194152.47327273007,193184.13099249412,192730.18671721633,192716.12872566117,193838.38218080354,211363.8471605513,210210.13335450663,206617.85172235192,201109.26757476912,195209.78013317555,156734.38440356604,217245.8931452991,151141.46226046304,114659.9942230485,149781.8916409601,125564.74919727459,144239.98265313546,95651.53328473742,129861.07515769596,110285.59956234311,91173.9347034351,71912.03240778088,57689.28847881899,74214.55573959071,72730.19330941567,71303.91153259925,58575.558370508814
75.0,194151.65373582198,193217.83542254032,192778.15262044262,192737.73287906635,193751.01373490167,210819.61020278133,209524.1308349643,205576.90701147728,200332.90900999194,194057.81491608487,156756.19778325112,216960.9825101673,155893.70093507378,117374.39381255064,149818.26665172068,127006.85050797406,146479.6426323469,97097.93748215253,129626.74940030278,110460.01833533117,92998.38148086026,73383.07527914882,58739.74793295422,74619.39362597284,73648.81904272374,72505.1891279674,59390.51442451528
76.0,194134.30740223042,193221.2052100667,192796.37177271483,192741.86917713317,193662.7066003577,210369.79760165868,208977.6879835655,204689.4256803107,199749.58135744417,192950.7172648453,156988.53615003367,216100.41809976386,160765.39640323122,120168.76394815074,149684.67959962887,128492.77789625761,148703.44861637487,98587.87084334544,129876.39433898327,110530.83342123736,94785.72596452605,74840.26067590724,59845.77362612954,75053.63936648205,74564.19777284825,73706.40386226641,60224.777204644895
77.0,194110.7914862729,193222.69532316408,192816.616169667,192750.4136695259,193563.56153112868,209970.9914381307,208513.79666380462,203921.42134507274,199374.33772480828,191960.24474897297,157459.45782911315,214675.5406965643,165675.29257583444,123011.17540953877,149379.86924303617,129983.06164876312,150912.9503629404,100120.73306278946,130634.66112457412,110536.90831760614,96499.2074065681,76266.6853479449,60998.56192350601,75502.4526714613,75465.41364788722,74907.53976815473,61071.753147074654
78.0,194094.87184556163,193236.69658779414,192852.99727816242,192769.8924675775,193471.9523319663,209607.6844679461,208091.5552690646,203259.64192165347,199170.80698868097,191091.34021266457,158115.03894168173,212775.824347964,170531.58114362607,125896.83126141872,148963.85688303856,131481.2287276456,153122.39869079817,101703.36554085654,131737.0668685558,110531.28945952407,98147.427707655,77667.69979559659,62176.10060540462,75984.29462896362,76368.91037672172,76094.69492164814,61941.83199360449
79.0,194096.56033616635,193274.96308457584,192921.39113839765,192815.26192723805,193394.60392809118,209235.5550176575,207646.463120476,202621.7817488962,199081.48161812162,190267.75243725604,158919.51364475122,210344.39990133265,175160.46169328966,128740.64736352391,148398.6632373944,132919.27751995932,155269.65745570784,103299.32386807185,133152.99572269362,110525.59198403632,99740.0402104014,79034.88428283921,63372.030661424804,76511.04396561476,77295.08603108555,77294.66420140745,62830.31587584881
80.0,194098.9494796758,193313.7768215748,192975.4042835976,192846.25556395296,193343.54662612075,208900.39156713933,207264.4424074001,202140.60200786073,199119.08244487393,189394.50936674039,159790.99925019202,207545.20831298927,179424.65665283363,131597.99565139692,147874.22810871774,134408.5739067423,157447.22466076422,104982.36709100183,134663.43839697758,110519.98636237858,101287.51260459915,80386.1502025763,64596.02863769184,77091.26676379019,78223.39315509915,78488.56960732889,63774.68526407387
81.0,194090.35523467461,193330.13721939683,193007.75468776852,192859.57065425647,193291.0395635581,208603.99035534833,206977.7403708799,201804.9731944817,199284.63938122982,188554.80241889937,160828.21274714905,204517.97739732292,183127.73801613355,134414.60834785303,147359.5035055018,135894.34712861522,159600.5644804679,106767.5761721842,136433.32513218437,110500.7662629678,102792.87639890297,81731.20225568456,65825.85711911056,77703.48906279466,79138.24655797759,79675.46652529006,64704.7660501592
82.0,194068.2922524338,193340.20852063075,193041.2783289096,192873.170959658,193214.39549942815,208289.5629493052,206652.69989991956,201469.4467047056,199502.2444061886,187787.2290044832,162027.34499619075,201324.3256694441,186173.47037656908,137118.5164726783,146719.0270364371,137234.99646648025,161677.84134166987,108604.94248902453,138247.1220788725,110502.59047772211,104270.28458514273,83086.72577047952,67097.31502649449,78327.3640200254,80081.2739131107,80903.29530031564,65682.06469800521
83.0,194046.16435695914,193345.38340926086,193066.33864468342,192882.10360300157,193159.7247102342,208013.09417729257,206384.27873576054,201235.79317148472,199735.0156035724,186986.56995739118,163266.53538794402,198117.37169824945,188599.8027763369,139660.85135226458,146296.89340574286,138607.62288979514,163770.19076067803,110554.48454205242,139952.33637559612,110593.52501688123,105680.75003066892,84432.25143702772,68372.58744274825,78997.4909486912,81046.59849616501,82145.21181551895,66703.00426161627
84.0,194024.67822310494,193345.32610707794,193083.38921948322,192885.1619745466,193110.99957927712,207764.1415538843,206169.67319297954,201107.14887285288,200016.82114420197,186186.93094893786,164602.80944757193,194979.44436798032,190318.1014456359,141952.75464786982,146104.69885759623,139964.49481965648,165796.92955708844,112638.51362770612,141680.79543264737,110769.21603051166,107049.24315192371,85792.7057676797,69637.5688920328,79681.63405187117,81994.01892478607,83384.62950060895,67710.0135058836
85.0,194003.12500056357,193344.50675103994,193102.91285890722,192889.43020001226,193053.039644366,207518.22827649754,205948.91572123408,201002.55485687702,200338.60010598516,185441.13139482323,166065.2844759131,191991.21739069617,191297.8287763096,143954.2628322957,145990.17062703357,141212.69057871998,167741.47996492998,114837.85915703459,143386.0965418238,111046.08302999404,108384.38135934071,87182.31583599918,70933.22028151598,80377.8850453867,82953.43133012767,84648.33698174961,68756.17471647784
86.0,193984.9269399017,193344.92510554483,193119.8683580996,192893.4855611246,193011.15109014898,207311.1277343018,205777.76391955672,200950.13007035933,200640.9016038003,184694.37362858196,167518.27043718498,189335.41709866287,191612.14532508524,145741.71427928944,146152.0757006497,142436.70662413538,169626.39166898438,117187.20487517289,144933.7438778512,111443.75127578841,109636.33532285206,88599.7403781906,72235.64160174943,81088.96255148438,83932.76033920454,85945.7730212231,69869.46042843696
87.0,193962.98124360145,193341.25788325505,193136.88120998337,192900.9225372376,192978.2139614969,207100.55345524705,205598.5917641531,200932.02136608033,200975.6157990382,183970.4765230897,169016.39552245,187011.87899037797,191153.67803293932,147240.86201486806,146415.04762865443,143544.81798198904,171346.24224833053,119685.204428789,146382.66033282925,111982.74538873564,110823.9205850495,90046.43797696976,73518.82812532513,81825.61066912005,84909.56768159119,87256.82506049419,70995.05619043761
88.0,193943.83509758805,193338.07068976705,193149.4864454834,192906.38901706884,192953.6819699847,206914.13370645093,205453.22297504637,200941.44725139107,201261.39390017543,183243.30880143621,170498.1152592488,185124.7826463092,190148.9078092752,148435.45360060091,146943.680114378,144614.74826071985,172967.19706090857,122331.28434525992,147726.47875100808,112619.45895457019,111913.28395935314,91519.74598756016,74797.61896560558,82539.63940420956,85878.25340113821,88595.86150705219,72188.93562991232
89.0,193926.91633990486,193333.14830027797,193156.59429805464,192906.1651879104,192930.78476023424,206741.00426039513,205337.5685613773,200992.51392412884,201532.88357830342,182528.41531907293,171950.15436930108,183663.81024245216,188697.04951226118,149357.90946553266,147698.96302242664,145641.9076777312,174417.10074324947,125178.42578402777,148945.66600077544,113388.60423547018,112961.73875005647,93030.2091189105,76057.3514471826,83210.24613069954,86796.61000503095,89934.68241286508,73411.88990920506
