"Iteration","Torque {row-1_turbine-1} Monitor: Torque {row-1_turbine-1} Monitor (N-m)","Torque {row-1_turbine-2} Monitor: Torque {row-1_turbine-2} Monitor (N-m)","Torque {row-1_turbine-3} Monitor: Torque {row-1_turbine-3} Monitor (N-m)","Torque {row-1_turbine-4} Monitor: Torque {row-1_turbine-4} Monitor (N-m)","Torque {row-1_turbine-5} Monitor: Torque {row-1_turbine-5} Monitor (N-m)","Torque {row-2_turbine-1} Monitor: Torque {row-2_turbine-1} Monitor (N-m)","Torque {row-2_turbine-2} Monitor: Torque {row-2_turbine-2} Monitor (N-m)","Torque {row-2_turbine-3} Monitor: Torque {row-2_turbine-3} Monitor (N-m)","Torque {row-2_turbine-4} Monitor: Torque {row-2_turbine-4} Monitor (N-m)","Torque {row-3_turbine-1} Monitor: Torque {row-3_turbine-1} Monitor (N-m)","Torque {row-3_turbine-2} Monitor: Torque {row-3_turbine-2} Monitor (N-m)","Torque {row-3_turbine-3} Monitor: Torque {row-3_turbine-3} Monitor (N-m)","Torque {row-3_turbine-4} Monitor: Torque {row-3_turbine-4} Monitor (N-m)","Torque {row-3_turbine-5} Monitor: Torque {row-3_turbine-5} Monitor (N-m)","Torque {row-4_turbine-1} Monitor: Torque {row-4_turbine-1} Monitor (N-m)","Torque {row-4_turbine-2} Monitor: Torque {row-4_turbine-2} Monitor (N-m)","Torque {row-4_turbine-3} Monitor: Torque {row-4_turbine-3} Monitor (N-m)","Torque {row-4_turbine-4} Monitor: Torque {row-4_turbine-4} Monitor (N-m)","Torque {row-5_turbine-1} Monitor: Torque {row-5_turbine-1} Monitor (N-m)","Torque {row-5_turbine-2} Monitor: Torque {row-5_turbine-2} Monitor (N-m)","Torque {row-5_turbine-3} Monitor: Torque {row-5_turbine-3} Monitor (N-m)","Torque {row-5_turbine-4} Monitor: Torque {row-5_turbine-4} Monitor (N-m)","Torque {row-5_turbine-5} Monitor: Torque {row-5_turbine-5} Monitor (N-m)","Torque {row-6_turbine-1} Monitor: Torque {row-6_turbine-1} Monitor (N-m)","Torque {row-6_turbine-2} Monitor: Torque {row-6_turbine-2} Monitor (N-m)","Torque {row-6_turbine-3} Monitor: Torque {row-6_turbine-3} Monitor (N-m)","Torque {row-6_turbine-4} Monitor: Torque {row-6_turbine-4} Monitor (N-m)"
1.0,0.0,0.0,0.0,0.0,0.0,0.0,0.0,0.0,0.0,0.0,0.0,0.0,0.0,0.0,0.0,0.0,0.0,0.0,0.0,0.0,0.0,0.0,0.0,0.0,0.0,0.0,0.0
2.0,16300.857491921,11669.498880906729,11699.024694821863,11647.387554516827,16331.432741382137,9610.372891853698,8175.796711284201,8196.400920702084,9567.514918872565,13441.285033988835,10158.271909423396,9810.10405200985,10135.611680871545,13438.561419993162,57117.04721560162,35487.79240629328,35542.32924568957,57393.88115343462,17117.62513189722,64722.4669833234,58201.65490884629,64978.61311538449,17168.29982954998,52636.76160744194,37276.363260848055,37371.213064903546,52907.246535506034
3.0,79920.28225572636,57556.5922146492,59662.24440745347,57874.22233564453,71198.62721426887,32806.7119268111,21082.978017979636,21671.93829826625,33610.87629897359,55623.52340069396,34708.43472989647,29029.909105389346,33980.65153049408,63737.234201567706,77394.55234450487,40453.98814743156,40007.07439297388,76283.76080045954,25453.084114683712,69608.71037193645,60261.91756767114,69236.62815349802,26548.598150762642,84630.52081583442,51823.41670703993,51736.7965722347,80759.62948294243
4.0,17176.087311781994,25561.045377436512,13039.667647948696,22985.36662089698,17559.74261898581,69670.11817911302,41959.994077036434,42582.28658657573,71407.06498265073,23105.472433252107,56147.236119707275,48699.52390216027,56552.58531524571,22571.024613777736,54673.85209834481,58116.95488229373,57854.03062359443,61922.86391348553,38536.5460220355,75515.54556377316,61717.81347672971,75596.37768700317,39123.05701493764,33116.10145566128,66957.49692952474,66154.7160746655,27349.49990053548
5.0,23275.94968307853,15338.392455883037,16083.744358941738,15500.346272684495,23713.73462158851,76081.76036732952,58906.83832725718,59198.887084370734,72942.92531758027,36413.5062836268,60959.36348842334,56400.098314182746,62674.415913772595,35696.676753990396,63881.03390606992,65211.53679547696,64070.6553223601,75745.58196648184,51160.88830234065,65413.976601205875,55481.37222567485,66346.30061874918,51137.784400794466,57925.52204702448,65664.83118699348,65009.12738845485,49945.63592986797
6.0,27230.888273118577,18798.753620240892,19343.25616567698,18908.771072612948,27553.94907472969,72422.09782621064,69915.25464025328,70029.15180953119,72326.45973630263,47245.63797389157,55959.378651207146,56490.384267085086,57743.064808637304,47019.4524593338,84732.90667837244,71243.66022323676,69838.1374646049,79201.70201732022,65935.83648267324,55310.75732587517,53418.08664309822,57019.12018836698,65470.45405622715,85113.60026792323,68512.7171106368,68149.34472188841,75955.46497388215
7.0,29684.151296449185,21342.892382982132,21620.6495634797,21324.58299006529,29522.08714668293,81405.04161757878,76698.3892129816,76733.94487430558,79898.10383456036,53690.81736175929,47529.18131473138,54241.50338617327,48891.898062886015,54984.480799063735,66937.1196190576,69071.45873047019,68159.66010738132,62534.13214465745,75238.6674145321,40680.4485846283,46757.84929330107,42719.41564455253,74668.06674989482,67815.81281640378,63985.66041006275,63671.65817514896,70637.59932977504
8.0,30429.885651954442,22879.12282064128,22798.831504853602,22705.594267694567,29830.978711921714,70860.53604168315,81000.2677257599,81122.78863965264,69115.88702737092,52718.003650552695,39469.628798856924,51621.82992563404,39937.65924511662,56414.72563133974,56052.46130461469,66525.08429731504,65635.92205150444,53676.60020228076,75615.81090634866,32543.331019887817,42917.98985949756,33965.89925308784,75131.97059998538,56492.269951439215,59793.00625314155,59757.39934831704,58184.400464540246
9.0,29513.982479480273,23219.060852422714,22878.865980270144,22921.297176305652,28711.52592115525,64960.580830801955,84004.02885623806,83956.70986214254,63601.10675060241,45560.71386239177,35993.12299848955,50304.476994683995,36061.73282893386,50362.71936216412,53197.51676753051,64240.74573180552,63439.268058573005,51919.42448587603,64218.93370108736,29427.635823818386,40868.85369567315,30095.326591309047,64267.20289085342,53344.10069248988,57270.89683015055,57311.36026092377,54396.59696089648
10.0,27521.577509664687,22728.898003201586,22272.498802542075,22386.61864388162,26675.64407773663,63733.20590228307,79853.10441792793,79645.29389474203,63433.995416394,35143.052920909715,35932.39445239465,50206.615142437375,35811.935804131805,39044.236346642785,55296.52155158252,62054.81109307044,61426.624700351495,54682.236903523226,46628.86042480195,30416.25205208297,40241.99846328782,30019.55321567414,47142.0646739816,55313.989532207874,55755.16999408469,55773.80560078132,55689.51727145125
11.0,24999.047996202367,21755.12818970808,21389.439101879714,21410.039812313018,24342.550491762715,65189.622276224014,68662.60917225119,67925.73615189562,66106.86859365931,25674.121143238535,37875.00733370061,50780.835725857825,37915.32551079494,28275.642807704968,59581.876761922715,60459.226918078144,60021.24899029519,59529.60518631935,32160.6702436538,33193.40280537643,40049.07684508103,31924.85610197867,33195.04412258105,59677.46347400503,55228.703858881505,55270.724009220074,59281.57282003056
12.0,22544.806813675143,20482.794579755922,20269.536061804993,20170.72848841655,22020.077163605183,67719.7268465182,54263.066459661175,52876.516340560614,69946.39978462362,19437.654972198667,40363.16727866871,51949.57816666282,40828.87447506625,20689.978976157065,65636.71269597576,60304.208265360554,60097.45696493744,66575.9712067897,23958.710404899015,35431.3577824384,40117.98744569362,33782.684083479966,25183.033176262546,65812.7786506227,55773.89012854139,55794.58218827893,64354.38796222178
13.0,20207.24743044549,19310.305413362363,19256.4057851905,19074.310197584997,19886.768860427434,70689.06311300956,35906.37987082551,33938.54399150005,74042.49236927205,15708.079046914605,43424.23033218551,53763.50480280374,44113.08516630831,16448.633568082478,71861.18501588299,62054.5106289029,61963.779715654404,74069.97310359552,19702.038088648605,37092.83807336302,40712.01473151393,35069.69120790323,20814.56987270807,72099.1196487513,57335.842391500926,57379.26630989335,69599.32753905293
14.0,18471.263755683798,18238.796039305653,18249.580010687172,18042.20783430384,18256.40081397527,74075.25909242054,13282.131287599095,11740.104282369306,78390.54757653365,13341.005319109438,46470.978822710735,56446.78932968033,47196.047596862016,13850.321041037925,78278.4529787523,65403.27127547117,65460.42540654766,81397.5492720296,17580.517216294313,38847.14487242888,42510.32323868635,36557.192027525256,18446.09892802866,78369.67596615944,59680.74318987349,59752.11207438279,75220.83587202405
15.0,17016.462661660044,17238.680901953754,17281.46177410027,17081.45282325264,16872.822313210396,77808.97026136817,12921.93816306904,13069.438777572661,82983.43394593039,20867.774988326466,49513.57229888046,59944.579707016215,50159.90596566638,11777.474569278664,84457.19411640384,69557.87998461934,69647.90177570167,77518.46622461869,16191.9888050867,41383.15673525116,45422.835894779404,38675.75207938457,16961.755827024903,83968.18901069576,62848.31410899278,63039.949022333625,80784.22751610796
16.0,15828.315150842589,16355.812870844327,16410.514446057914,16226.052414565705,15740.939768225022,81588.2264609766,14239.150876572814,14394.698470688889,78557.4335474703,63952.783977064144,52585.10746805274,65334.265831520635,53086.83723275192,51991.15838889225,72319.03666852474,73547.41771612321,73641.24094190529,61888.050580679635,14645.025172122896,44906.26106765117,48935.37800485254,41784.83946767791,14768.05020838414,76535.21886897145,65466.695687146675,65600.36976461725,84720.302657439
17.0,15000.579208935813,15608.655223055373,15661.266180942346,15511.248664085255,14946.750381115467,84859.02809028831,15437.17810741225,15608.206848191689,66890.5550283644,79439.76600265983,55512.86892220409,71235.08881410901,55875.42682773969,82823.26090185762,61453.031490022855,76291.1936878041,76506.14462319072,51608.07028706222,12918.112486686501,48482.706595247626,52358.33275848955,45648.785716623075,12475.293285837572,69834.23362417014,66622.13775122326,66700.59555505028,75690.00243713839
18.0,14391.765734449971,15077.190186420468,15120.31544321445,15004.85972299159,14353.522126314107,79995.97732296577,16542.259268235808,16764.516033877506,58401.287244230276,70570.00362568766,58022.11036969323,76892.84141181529,58290.255861658814,72813.2329712947,57388.35606660871,77361.17604623442,77613.19509572402,47697.14450094079,13528.495304444416,51726.932880990265,55108.61676578643,49151.66490002413,29200.246642118153,71480.27670176633,66113.89298263894,66178.59318129734,74024.35487666895
19.0,13934.766122973631,14659.870548806137,14713.928064191034,14599.659259759701,13912.912983363696,76276.25469239183,17342.645939629787,17612.903770742283,53160.46251348786,66991.94993036988,60119.56841967762,81693.21211475745,60343.29243072733,68391.335534685,59591.214846287956,77061.43937015478,77242.61249998436,49317.32354528123,21358.280741884057,54426.26939293301,56993.634190108314,52125.097161509,43373.24499926555,80383.37685911106,64174.365907508785,64228.448259561956,79577.69076119029
20.0,13620.443095977515,14348.242557912863,14415.140171366433,14295.872064192325,13611.651021020982,74890.61941701965,17850.572016880255,18197.503979538964,50798.59024048789,67739.79074723358,62144.85470678181,84343.50701211033,62249.389833439505,68718.49196798376,66391.32810964332,75864.93949482254,75967.94696706472,54920.245438297374,12687.26028213158,56418.27971735254,58155.39422348209,54400.964236214255,39278.60029050357,81862.99452303056,61254.77539639881,61334.47147443765,83418.45599289471
21.0,13421.64399536016,14126.28804885143,14211.63145668405,14081.376425389763,13417.160372955515,75134.32831033538,18153.442565584843,18571.551703371497,50669.36510567537,71557.59174335795,63658.44911396273,75346.1544453724,63689.875739060604,72400.58469360968,74999.68587958207,74105.25025508428,74144.37808767325,62106.77236104521,12731.13175795124,57596.95178512727,58685.051239735425,55901.169878160166,21037.61107884784,76588.15359317421,58270.55578815439,58331.92819807259,79156.18944714367
22.0,13300.885137241963,13984.951162004048,14087.984637030751,13947.383075238904,13295.338857361967,76686.9730763282,18326.250712845736,18815.32330894303,52079.18926467797,76995.06759416657,64842.50459557921,68208.85461353888,64829.688566248384,77879.09812922555,82627.86565065398,72075.23668980358,72129.98389164204,68214.23825066125,14108.929554939175,58143.03449251934,58714.38774231261,56793.248724193654,12539.727800943336,72337.22282245888,55486.46265030445,55584.35063757401,75486.3535299122
23.0,13201.565103152965,13883.746152080857,13993.810826608575,13847.492496455667,13190.63268935213,78865.92859114533,18434.37491938803,18982.465054764292,54389.12176796718,82913.94764923578,65923.03636141661,62692.243736420045,65900.38263720652,83941.7013784268,84187.61663532264,70102.80936297761,70234.89219313429,71889.96727774377,15398.59177013261,58186.451658219245,58473.080856372646,57230.58024674789,13884.405983345203,70006.71843182201,52859.82514275476,52931.781588772494,73134.1684747577
24.0,13108.494239041584,13796.35669611422,13913.278806778602,13761.92109722084,13098.314660234337,80536.65178309089,18540.698529228997,19133.1678059188,56486.14858880859,76317.66324762885,67035.31394821288,58489.371288481314,67063.7987553196,72562.32562123006,83075.28663581747,68335.45064446027,68533.6566263997,73549.24491179286,16527.483952653627,57888.556701364236,57988.34336824254,57311.88644056185,14954.05449745234,69435.06563986593,50491.55730623765,50527.12849748176,72200.25122390121
25.0,13027.868007586017,13712.6536509412,13841.325419728582,13679.488610243243,13022.061795867758,81143.1716960105,18664.962875003966,19286.184539878752,57664.52646369754,63548.57985415646,68221.24510878886,55319.66860104047,68354.03874718459,58266.05146330831,83071.936442225,66924.75255091075,67093.7077900031,72469.30300172177,17078.569858393916,57314.17750884699,57359.75496442377,57175.71455625893,15498.567255915055,70231.32958526444,48473.050545954924,48437.541699968795,72503.25278625917
26.0,12948.244598225536,13631.511641999154,13771.474312119582,13600.197309591427,12945.770216341632,79658.96006440306,18846.584760759262,19474.10389700649,56879.76862773614,54256.08809914466,69518.54751987036,53133.8609771385,69843.99422204128,47418.220962336185,83699.07610023087,65741.61802039262,65882.58776501907,69533.48427635862,17022.102362288308,56561.45504128522,56559.663708910935,56765.351873675696,15556.222611252379,71494.63830149111,46606.53187825619,46503.62853829592,73169.8724515466
27.0,12889.514009599388,13553.45512434373,13705.808171909015,13525.017017001215,12891.350706234009,75580.73303924382,19090.583078600113,19705.276573167284,53609.36353598703,48972.32792001527,70897.06228380419,51771.12573002843,71427.11776012034,40025.65811294581,84599.09458456177,65000.641531321286,65095.52013082379,63624.15519045368,16259.092465502372,55608.91408116298,55804.481545007715,56184.48338434733,14936.449541358113,73251.01093964938,45165.076702138096,44998.716758394636,74535.26240591895
28.0,12823.607304924304,13466.131693839408,13628.16037929339,13440.23082463099,12828.24722451595,68322.93987461163,19391.816514552276,19980.536001165932,47296.65525444305,47780.869492917474,72253.70200785507,51485.83712879194,73040.74316880095,36556.8968116096,77539.50180704631,64511.20533723552,64554.83474790422,55816.51055914726,15095.384953471832,54569.36587224655,55043.03859362713,55407.34311924996,13846.578635210504,75238.09261079945,43833.84935353876,43638.40606049192,76214.62731627247
29.0,12761.52127689142,13383.265563577124,13549.861486984313,13359.428577640627,12767.893891976655,57507.84082970591,19736.998851374436,20295.36325282235,37653.09402874289,48955.38881788097,73634.48102951703,52118.0022160889,74674.9776268756,35510.233287377676,69531.81442915174,63953.04184163104,63957.844272145776,47364.448579679236,13786.9066144602,53525.06773306188,54306.77913964611,54562.814280183215,12458.442033897974,77046.9145874367,42437.68412771963,42258.280166281605,77922.53558767696
30.0,12722.751857840434,13310.360339339286,13478.94158676603,13289.682818261566,12729.018661878454,42924.85901820568,20107.26701356174,20665.159114475206,24505.708109606207,52986.32899593278,75063.061146672,53482.31006090326,76256.21423584683,37619.115019051795,59773.11414872763,63776.53029127379,63732.55340954108,38025.26720138213,12170.989703888948,52563.39299236983,53674.070123319434,53741.31422168438,30388.665779851748,78961.3432507638,41234.49563291103,41100.68024217271,79926.52011852968
31.0,12674.857349450469,13231.843480808038,13401.025852305147,13213.613348155834,12681.217371077113,25090.91235331192,20530.975858455626,21021.385569019443,11869.595395611563,58153.962268065705,76464.30457496348,55665.55640542639,77743.3750666907,41408.256701064296,50836.142398604585,63445.142374457915,63392.20936597275,29710.772472209308,35336.00323754466,51700.573550753536,53096.6072630926,52956.87784096705,64888.399023854625,80662.8929686463,39974.92069690375,39920.282121761324,81987.03817819903
32.0,12646.764189221056,13162.919308023314,13329.528914698249,13148.520326635242,12652.032282757784,12067.292831310993,20933.29311085577,21323.7803871252,12849.819738817963,64493.467001498946,77935.37620813811,58352.85325531053,79218.15129864549,47496.444487397355,43214.23262417875,63392.291755160106,63382.89121089441,22839.9756235616,69624.68864083898,51038.543208165254,52615.192278377144,52292.75271198656,80333.06312433926,82225.67510458644,39228.3542278103,39187.755168308184,84032.13489056163
33.0,12610.100164874031,13091.080097500891,13254.70170891159,13078.417964845477,12615.285480536024,13212.187601119942,21251.04546282382,21534.490967689762,13885.52464807623,70041.13321045715,79468.46207704104,61417.69390826332,80668.09981602796,53768.455641757355,38595.68094183601,63233.0998900467,63273.631168495616,19339.86636546189,79684.36671483333,50635.887384894486,52191.42590782206,51862.62132172645,70319.76777750012,83204.25261677345,38464.42994209007,38424.675538973024,84548.16432559532
34.0,12587.610732573974,13030.79489388608,13187.459440870794,13020.06964696561,12592.454994041816,14360.352532033674,21452.107247830652,21632.693056310614,14904.556705122373,74474.80093305699,81110.77643363526,64670.79093103524,82152.54400887445,60546.77955128165,36811.35925478729,63369.181891453736,63441.035391074714,18990.315526261373,71001.0345098376,50559.24142235588,51863.70886196114,51655.11238794564,63804.702916182694,83290.87480787534,37914.34926964997,37883.27103985212,82689.84257592577
35.0,21149.627498255115,21614.345995188658,21783.602916381296,21603.17699376759,21154.463021178766,24094.946403529546,30228.344999754263,30318.11100977446,24579.80599225842,143756.59739425333,159336.19192993877,126266.3987388783,160397.53927095144,121827.55796543325,68216.02932964648,133975.09186224005,134140.08839546604,38527.91979055563,136263.0185495153,115158.18201277596,117090.55584049413,116668.34830642412,130250.36488114943,158745.97899595826,94436.87803772966,94436.1299125938,162002.26786635717
36.0,21117.70988081052,21527.304946499004,21687.668697041805,21519.124487543035,21120.163109952948,25619.701812716405,30091.99949628779,30081.455752678317,25917.13535059443,142843.4833310691,163112.41492165189,131492.44684693366,162331.40177310482,128279.916097421,75556.13583870286,134109.9138850402,134387.14364367267,48474.03573306287,133962.3965572201,115880.2968453928,116683.60868232707,117154.49919053123,134239.83042411026,153651.66752723584,93570.51046208992,93686.94920691324,158109.13436918994
37.0,21085.172501539753,21444.924259510786,21594.788239829206,21438.211404926227,21086.79203098573,26762.148294877607,29782.340831528476,29708.609261354482,26857.500060382066,137286.64671438793,154447.93864807105,135817.88682773363,151862.87732249097,129697.3430172384,84079.31659647833,134277.4344786096,134633.73888441647,59984.36974408116,139296.5378860273,117066.00057680758,116554.9984621421,118086.58780323675,143364.4603899868,146612.72410240662,92999.00972161515,93267.22232700088,151022.6440680015
38.0,21064.676840028293,21373.487979841335,21510.712497036693,21367.70881110012,21066.049273983055,27452.521308943116,29328.773077219248,29227.576948686445,27403.67522460973,126968.77605899905,141751.32684254495,139058.86928713342,140522.98391414984,126200.27170652362,92278.20818176284,134364.56378149163,134798.14221032412,70858.22195869347,150721.85780728087,118577.5118018938,116628.34669827022,119387.09939698214,156537.16699277848,139417.35908928447,92628.42992684686,93077.8499680971,143053.00066697827
39.0,21042.79668953009,21296.11612665904,21420.50488166822,21292.22640158006,21043.448265098716,27736.877195651872,28780.281926071,28675.741545670568,27601.312884844603,112899.96188476618,128461.57643519646,141176.61444814946,128404.81454460089,117933.74834825966,99842.741975521,134352.25458743656,134867.22441956514,80992.26635181851,164670.79356201243,120420.88991736856,116924.23715208487,120991.24633685616,170551.76089316077,133112.3860229198,92360.93686364694,93023.95726366757,135947.12953369485
40.0,21017.16845571749,21212.23872627824,21321.51901553411,21211.449612502114,21015.956792403358,27687.876131923378,28196.94645166963,28112.518917507543,27507.137571745065,96175.89302998605,114704.62572997491,142071.51517745128,115852.04391936834,105793.4814773119,106962.62416033763,134248.2203762897,134851.64991898072,90265.71477444388,172767.27264152074,122344.37567162048,117454.28665621487,122739.2927261665,172201.6826874144,128069.55291079005,92081.21884323235,92932.98980101934,130182.95722516137
41.0,20982.176060226273,21116.41646343089,21208.5519302028,21117.450282289305,20981.62899567485,27417.026796567563,27640.4567753463,27571.259395261903,27229.942737813304,77852.76589600132,100809.60803839151,141680.50340383002,103080.68564028191,90706.76151849981,113892.98370660299,134099.28834006444,134712.07167286033,99101.15603975682,135239.41959819317,124440.44173631982,118261.80096622826,124678.4467748951,136482.4965908005,124567.44665854752,91665.20363861758,92695.87235609624,126238.09181741068
42.0,20941.860888470077,21023.47366074422,21093.11700517405,21022.293617763604,20939.554705003447,27027.394589134063,27051.10815864055,26992.226051531856,26846.33741282572,58874.79988317867,87265.96522529359,140433.93225748907,90633.98728210402,74041.98179585868,119693.91254526582,134318.8409956778,134916.9832732142,106782.26358354365,104629.71694419598,126389.43129866339,119202.30850454736,126545.4425174016,106949.16208589947,121610.63506377167,91342.14727587353,92529.06819801408,123414.08968541371
43.0,20891.362353016728,20909.675452420834,20962.57299574604,20909.11013876107,20888.158812963804,26571.141457343827,26450.12387214467,26405.441996542075,26409.933287879932,40703.57566281262,73989.00791419564,138515.85021755466,78596.20148515554,56797.28306165832,125482.30066221271,133978.21512664383,134558.57727776127,113652.76862494626,77922.25366070135,128612.9115253343,120634.40825192325,128744.7102965753,79962.72979894817,118749.56703079768,90657.8579689809,91958.06433553131,120955.73741163356
44.0,20835.131182778,20801.534447914975,20831.174850105715,20800.021366814068,20829.892286041137,26108.006986420765,25833.19831410417,25793.586308252332,25958.30343788438,23709.091387543856,62234.17951428797,137082.87278489379,68198.66142541202,40220.5196532826,128912.15134745257,134332.1672070454,134863.15623310403,118520.52346344374,57305.786013689896,129989.88155263248,121348.09597089585,130168.54481244305,58845.68392533393,115309.13683175054,90170.03250616619,91602.79799087523,117906.10692594746
45.0,20782.700686948127,20707.35002303901,20722.802239645676,20706.503161225493,20776.412397967266,25692.4346273092,25246.69322772467,25210.68437897835,25539.96702612934,22686.09469779526,51675.9307554736,136017.78903447534,58810.369680500684,24296.487786434907,129274.05922436295,134836.71170565562,135310.08782811064,120034.08082051655,41439.12511612606,131365.31434120095,122324.25063767006,131618.07684041743,42730.886325310355,111457.81010210566,89689.57535298073,91233.08781121217,113515.4184654465
46.0,20735.84196153243,20616.565547725593,20619.878052259195,20617.030908874276,20729.48915732104,25323.908100814948,24700.819152879732,24665.96525039045,25159.570303693683,23472.886924814666,41682.3084894524,134797.85400542908,49804.43304410047,22277.81322581471,127187.62497838394,135543.99805740063,135981.68558394507,118986.01706218826,29858.411986562234,132940.55339980504,123711.85000747115,133328.49666796153,30422.99159573523,107103.35830582817,89297.22444611484,90898.85784365273,108709.61295828327
47.0,20693.99550628324,20525.98051720908,20516.965740538515,20527.56975729144,20684.390137208768,24979.893542611364,24187.655969644376,24154.0993587089,24801.132901278204,24200.36264606273,32448.480444257635,133642.15731505957,41575.63080611808,23026.09986604404,123383.52050770675,136473.97737658684,136839.39273512585,116044.5010510567,24380.007535472065,134126.1231168195,124934.51512297794,134703.16939075702,24941.66108913131,103047.55616732019,89115.2610154109,90775.45264654972,103674.72234355257
48.0,20654.474710360213,20440.317912056184,20416.57647115223,20441.944759843365,20641.855364085233,24636.50649034211,23702.356998367824,23669.83465314903,24445.444346754124,24869.319590157476,24117.567165772096,132431.06922581198,34144.187654492234,23732.371493075378,118531.54202495339,137528.84334721713,137829.65892698878,112009.01955402918,24587.608347732352,134934.31932142354,125862.19658276306,135899.34597962213,25183.68967015772,100000.4711336355,89145.21866516268,90887.59542456041,99544.66243326249
49.0,20616.87695699317,20358.250798555346,20318.28150772162,20358.650110280054,20599.850157742363,24306.1892775202,23243.911162269287,23211.626613864635,24100.0593677164,25468.258503672234,22782.885317451353,130993.46605768567,27385.512627519372,24386.384846828874,113168.51984458083,138608.60385312972,138859.56507817152,107290.27685375846,24634.90014637148,135495.90503350247,126518.78076788742,136874.6330685063,25266.95508328047,98272.4012677729,89383.31401173817,91210.73366647214,96919.98579180939
50.0,20581.64450803249,20282.962025401783,20227.902367965748,20281.811419599533,20560.094342472043,24022.881096441673,22812.76181335415,22777.99352507879,23812.8245805138,26010.133596779036,23130.39908290805,129484.96434786185,22456.008040318437,24984.597748987202,108005.87739646006,139794.6743648898,140026.03015542132,102595.83969967948,24582.903670313462,135685.901470245,126842.63694922591,137388.77148155254,25251.05335702915,97896.23433493012,89795.52273855686,91701.59856896527,95705.66880528124
51.0,20548.32132099055,20210.76249484338,20141.76348630487,20207.743622293572,20522.166175800317,23749.830015697273,22414.73053154992,22377.096513587494,23539.249140583855,26485.373020193703,23452.33368392483,127600.33867048922,22756.990378207884,25516.13673217357,102848.5644101925,141021.51705147154,141198.5404419528,97881.42432977232,24394.649791173582,135732.97192735068,127198.6946897062,137807.54240163692,25077.485686135424,98865.96220680293,90296.87054011242,92266.09272668377,96463.78536922079
52.0,20516.880528236332,20145.302110253713,20063.69165636015,20140.445286438156,20487.1674611488,23492.63187894655,22051.594396727523,22012.388630728183,23283.734011119097,26919.772838182067,23742.625032452237,125587.14313438293,23033.815957072096,26009.929633528318,98024.93926297296,142407.72685141602,142528.99693440992,93639.34205918424,26513.499232005397,135504.60041744477,127358.9410079504,137751.72862670993,24899.357099361026,100372.13955966104,90947.12887499905,92975.12285506887,98180.43333287281
53.0,20487.62515664371,20085.521072987136,19994.359274628605,20080.502949730297,20455.206871170645,23256.670625989103,21746.426870496925,21707.504406699678,23049.934319008105,27332.381915729075,23993.01532193914,123378.42924460395,23281.13030145234,26476.93163697729,93009.78153865485,143920.39187891214,143961.46610427,89365.4518070237,31191.89622744991,135131.84096005664,127573.3986405063,137501.72111848398,26653.869992863383,102194.86752343582,91691.9606905086,93706.60106624452,100384.62087385956
54.0,20460.307516274614,20031.40248049457,19931.512540839318,20026.7119562542,20426.190764148152,23044.74011319318,21499.02979944838,21458.69572430893,22839.691192344246,27731.6876189376,24203.303546168052,120983.05797309357,23499.04044490212,26921.897776959268,87755.43258399257,145587.38303436097,145544.50560351723,84849.61207594138,35704.9055495747,134688.4227130331,127825.13791275916,137032.36044153644,29084.08160840448,104051.74337073625,92548.84211732894,94490.97685212392,102426.0479009604
55.0,20434.475412833293,19982.93079687858,19875.269397597716,19978.746660540102,20399.395189212213,22855.72385570981,21278.13652473522,21237.435031702626,22651.9685826532,28101.118381453085,24366.896642301086,118501.45528289356,23678.03955559558,27335.835315459117,82165.37182939671,147372.37041887344,147234.51083115855,80097.23484106552,39492.88319882604,134224.564718023,128231.49773024493,136522.42648203697,29913.78579998667,105960.13129503078,93483.15715770636,95307.07841580984,104372.59345494129
56.0,20410.38644540767,19941.689330946057,19827.283069731326,19938.00399024023,20375.877593213176,22685.447452016768,21077.021710351142,21035.23285574183,22482.455555944398,28455.492415803594,24483.50022426145,116384.68218414395,23814.028309944446,27730.65436187717,76674.97339768568,149321.62521589876,149096.74562953017,75475.6544981859,40884.77125720075,133743.16134561578,128618.50983702714,135861.0342108291,27303.64776802834,107927.530459279,94621.37620900471,96305.754344946,106277.16620632214
57.0,20389.948268149186,19913.147830543403,19793.73534896828,19909.67504580525,20354.433276588803,22504.507157007567,20877.96009852282,20835.879076861747,22302.46152935517,28754.291772614073,24513.582218736,115205.45316196952,23867.427420531756,28069.943882928183,70744.98859442535,151289.2823119488,151000.35704650177,70329.79209094786,42770.98165388401,133110.4884931835,129083.0558506644,135049.49611806293,24845.441594988934,110288.75460068083,95832.84035730829,97343.2083447387,108546.45680270962
58.0,20369.129739533008,19887.628595663362,19765.439554639437,19883.833703302018,20332.94396612558,22339.113697285546,20692.470960061477,20649.57394990913,22138.26119457318,28999.215111036367,24484.89429973899,114792.88824074363,23868.095689713493,28352.29807942335,65246.23336859029,153344.97635004055,153017.7957172967,65527.10681565189,41071.55686882173,132559.47843692938,129566.81520039281,134398.8195703357,25217.508561885617,112490.46630742647,97264.4487030814,98584.76071277651,110632.3459538621
59.0,20344.63738711372,19859.33566209988,19734.650910446486,19855.33981054037,20308.57457881357,22184.133192949397,20522.414539300167,20478.928083432093,21985.95469640146,29242.55658559644,24429.62375685384,114249.28531604409,23846.108800504986,28622.5382140648,59374.4444592981,155479.71564202776,155123.40417129372,60431.10690535197,39289.81262036366,132038.506856978,130138.98035173512,133846.61094870197,25614.336256471193,114831.71379947731,98831.07750394123,99958.99949602186,112889.90496719822
60.0,20313.40250466294,19828.34684330239,19701.621789035507,19825.39218076461,20279.90333522208,22031.219110032904,20363.835164209297,20319.72965657014,21836.15010312176,29490.6004318009,24342.722293224746,113537.36000492732,23794.226077048894,28878.787981900532,53219.60119830675,157646.7937129491,157283.8625769612,55111.95494632996,38093.782159938906,131561.14090140094,130757.04337981176,133286.55919241204,26000.29241641001,117890.02786871871,100553.86322080452,101569.66052253515,115892.64316148552
61.0,20282.93332560931,19800.821865876824,19673.194412139917,19798.943025173452,20251.188284538777,21880.11927983985,20214.334540651205,20172.088749440663,21691.96541407873,29680.37118472235,24217.864773764202,113201.94641977795,23708.814841916486,29107.545898752192,46881.75414437779,159882.55493656176,159543.66333261825,49508.79065545946,36770.05740893852,131169.72888632392,131428.5742465298,132775.37313329024,26384.735316770115,121291.84132441862,102768.37390375724,103754.63132534585,119277.19881172835
62.0,20255.90941829983,19783.764891403534,19653.833460561564,19782.981727128154,20226.087438631326,21717.764360541965,20064.68579388163,20027.013615990603,21538.893125966435,29773.251360433744,24037.056795974167,113566.94075273558,23568.39145970246,29239.505898912023,40541.850291043855,162164.64561264662,161875.28857464786,43783.83445410763,36510.9478737608,130732.4394479695,132030.7661906371,132188.94461937353,26672.57722822486,124824.61441265272,105469.3573780518,106224.70449302024,122853.13135776341
63.0,20233.133032040565,19769.554276298215,19642.229535205966,19769.714973055736,20205.4165017635,21564.07776431782,19924.036906686957,19891.16647897081,21396.289407063112,29776.42454558483,23826.72826745056,114784.86151260296,23399.128950887796,29283.605655701358,34332.89148743025,164346.12654788492,164132.1900036404,38300.171758224955,36191.58460965126,130512.48005964255,132766.3294154911,131814.33979592624,26902.927912050218,128100.50431372016,107989.10863467115,108550.32658851931,126181.31983413508
64.0,20210.932626642985,19755.926648797973,19630.524122259867,19756.333531581182,20184.594558519093,21422.494451426544,19796.724219266525,19767.75575594178,21263.901636404928,29687.574702059956,23611.95540934765,115960.30382776598,23227.463600850195,29230.932032538454,28407.499808528803,166555.1008964783,166428.4364854213,33064.88556042297,36738.59552902433,130383.19827002594,133528.11174740669,131527.43823214274,27021.677338087433,131180.62831120423,110628.66065743644,110987.89504034974,129356.88192327356
65.0,20187.63968802414,19743.984728542957,19619.680178933515,19744.444781821552,20162.766100632776,21292.903186137704,19675.888882635485,19651.056291217774,21141.447143791043,29520.344501548647,23394.60772893528,117170.31407634236,23050.72587466444,29105.870718734284,22836.189794612343,168709.66147348852,168690.96221801158,28014.255838136934,38785.28654696867,130295.27438468732,134211.84459673546,131280.0204833239,26980.247727247854,134237.95763464872,113384.13085468477,113553.78418911727,132535.45612986968
66.0,20167.576640406332,19734.942502654074,19612.0309176309,19734.955711803945,20142.42917018603,21177.202487652543,19564.91442923226,19544.01029422506,21034.74458829438,29276.974350788158,23177.402484728897,118715.58238606485,22870.543669001283,28906.899659855633,21039.95988134143,170766.51915057295,170899.4422000361,23153.60408317281,41658.25163713537,130375.81159640128,134979.6161238092,131152.44335287152,26808.119147809703,137083.07071047637,116005.46542626094,115986.05505347696,135466.6185626321
67.0,20149.496046902055,19728.691667738316,19607.65799834597,19727.951793664983,20124.290438508437,21073.896291914025,19462.520479317784,19446.31079677629,20938.359070725262,28986.55476545603,22961.25320254259,120327.39380970327,22689.543869066714,28646.05665636487,21290.213469460807,172770.25085280204,173059.37552432594,20498.41498621943,44832.388530054784,130575.93268963885,135743.84729575858,131123.96319466154,26533.638130349424,139679.54665326132,118597.04924067692,118362.89237023145,138121.8359274634
68.0,20129.77240290132,19726.05896749137,19607.723523593915,19725.290070821746,20106.54811652223,20975.65224263024,19364.67398359967,19351.691357535277,20844.63349514669,28632.73252420676,22734.154155484193,122226.73736617365,22491.695369375066,28322.78027458451,21493.319052477847,174600.65267625183,175062.00648620306,20691.635645113285,48278.85286497345,130699.1518158885,136443.38664196868,131017.5652554555,26164.535085201616,142023.78038391515,121325.68663920632,120895.14524206283,140575.21989088127
69.0,20113.497445456298,19722.107319656192,19607.35758705304,19721.644147504154,20091.610835277104,20895.14824920953,19279.193564442106,19268.77372132917,20767.73565256512,28223.941360385263,22521.3299528144,124030.61985249523,24248.194326055094,27936.123238812088,21663.217551004513,176276.50873897603,176901.1263204815,20854.901882675196,51345.46385344168,131137.2430166053,137525.64517333347,131228.31552748228,25746.553517853234,144010.92843276582,123596.1076476642,122954.95908011451,142613.94843396288
70.0,20097.672145337758,19717.071620966122,19604.81622872608,19716.206966333313,20076.242995446773,20830.678907543468,19205.065527051036,19196.9117473491,20705.868104343743,27769.909660897618,25313.402354128164,125201.57524708252,27543.92796719474,27508.208499926608,21783.48406008645,177888.85152970668,178670.73344245533,20973.222692102907,52473.17107614645,131647.48565154758,138592.4050978538,131473.78157259253,25372.103091208315,145731.14894150145,125865.87024088789,125004.38309237253,144332.3125017757
71.0,20082.025428025794,19712.448461912525,19603.18413086634,19711.47323944031,20060.70943640979,20778.746048357334,19139.6286687566,19133.962087959382,20655.71315918644,27277.997186971148,28762.307221127085,125630.97036244108,30670.59580740326,27043.43458660183,21855.359703811646,179371.81849012946,179540.88116500297,21046.14394017035,52753.50008348987,132282.1480596839,139687.91627402438,131837.9379309848,24996.096022911886,147021.33547353395,128079.51651850546,126975.76286456498,145537.44591444204
72.0,20067.41903860219,19710.288590924483,19603.995556154034,19708.863632483528,20046.78202914128,20739.205384450303,19081.641431231103,19077.95569860403,20616.725511917306,26754.890256608036,32129.194451288877,125536.57526694005,33749.48509668068,26546.146201634216,21870.98815088023,178735.42809010018,175285.83750500172,21069.9579779233,52048.14184731107,133052.05118003258,140868.1085737016,132349.7357996782,27217.864482448553,147876.3245941021,130164.01876950696,128794.80326151483,146228.03606739218
73.0,20054.55187789996,19709.813897956672,19607.376524817802,19708.379378327252,20035.273482532855,20711.95473469793,19030.7944502952,19028.78661496964,20588.007188923668,26213.125633466272,35468.14536066002,124886.05877497885,36833.34267230757,26026.6707308684,21825.097351092456,175238.46902255435,171462.83947360443,21039.837653382954,50243.94192241828,133978.20286237606,142166.68220249045,133014.8827264347,31839.386475719897,148245.61085694976,132121.35003301167,130483.83311958598,146399.80115554936
74.0,20043.546654408907,19710.47612428955,19611.84279753151,19709.415487733586,20025.97127739784,20694.65404842067,18986.55397373434,18985.220943067692,20567.993120626183,25661.8399695559,38744.10413200407,123655.23129944215,39912.14129466186,25495.12864977784,21719.560317508018,172088.68897415602,168032.51754768117,20957.470031170014,47768.23954321192,135026.5703551979,143579.7780787305,133823.21361687031,35123.141888047554,148149.89622754048,133939.80400687785,132033.4893229132,146054.18250615164
75.0,20034.720379185757,19714.803906192767,19619.323055088058,19713.280705353776,20017.645636974197,20680.12358686722,18944.290316676634,18943.0475926626,20549.057504342865,25091.651691392774,42450.101146310975,122359.30107512376,43444.25617127585,24942.07320311626,21519.85565687246,170070.07241591703,165794.7309709752,20786.78027690357,44940.29505858571,136140.94498291265,144978.3158806606,134668.9471263665,37490.630436913816,147625.33049616285,135733.06660057895,133541.15457767984,145197.31904695643
76.0,20026.834797753694,19716.13229932011,19623.964320004256,19714.229832634406,20010.303555203485,20671.27627758651,18906.444742098574,18905.320082734655,20536.0695427048,24521.77460409148,46022.75723271966,120549.36895165266,46837.53242972624,24392.113662768457,21296.6410962354,167923.11667755342,163519.8025566441,20587.4935176602,42207.259093364235,137863.83226096243,146694.32189086,135992.41625874199,39120.65481492626,146708.57358506732,137333.2796762247,134886.46194892502,144014.32290410993
77.0,20017.458335766863,19714.743542028165,19625.639541486165,19713.157096592706,20002.07395481824,20667.405018304242,18873.260016324188,18872.4921026308,20527.77879611044,23966.43931900128,49319.197528839926,117993.94739675608,49969.51540292069,23854.103688212803,21036.242415091016,165437.41243108516,160944.60065508008,21441.183806114102,38947.12538615938,139733.14685416812,148572.22072516516,137629.170066284,39281.529731374845,145419.55007890414,138861.42779484883,136202.5130551716,142363.39360833328
78.0,20007.565935937197,19712.647937140966,19626.44463498741,19711.547911813195,19993.49627321538,20665.768920543527,18844.53573558595,18843.554826892538,20522.04839725336,23438.866543809152,52330.97454335837,114909.39113604208,52835.75153083676,23339.581547174465,23354.5045870399,162877.70578965874,158336.60554910873,26499.259862766306,35572.557422622645,141754.17523460128,150629.03584066394,139467.60462717997,38463.36444808498,143830.76205827875,140345.56452238263,137478.53893479906,140403.76780041674
79.0,19996.722238648756,19710.099926781153,19627.00342512331,19709.31688844253,19984.582924459733,20670.050681033936,18819.336787578886,18818.008620871267,20521.16874534444,22954.895544135583,55003.127061552084,111205.38774369837,55381.196419646774,22861.15004030204,29895.90235219189,160246.62281958302,155690.1567702994,32338.524168630425,31848.48305425661,143942.70904137523,152820.99931603865,141487.16174387455,36108.839988149135,141979.7186860885,141803.12049677412,138753.77605055692,138146.14596184285
80.0,19987.16808874532,19708.250954558433,19628.21551984404,19707.905423012115,19976.40644164896,20678.297198983088,18798.09008640312,18795.708908803543,20523.397144762683,22514.80164525584,57424.64833823708,107135.14892377597,57598.44284316879,22424.82589718114,37030.25442754379,157533.7567594808,152961.54013636828,38749.528873511605,28027.142684330673,146222.954875159,155217.8804097303,143672.39550356177,33103.187575722324,140062.8086416407,143294.87825560634,140093.52827870136,135839.98599176144
81.0,19979.76456211537,19707.26188843582,19629.970017715204,19707.16151408034,19970.00302320744,20690.856027422946,18781.999651481998,18778.479735062843,20529.895798964797,22124.916508433187,59531.44975531549,102764.25166151657,59516.76701529434,22032.921653444715,44660.78025821745,154622.75905230653,150012.91702864275,45632.49000687988,24300.53764287278,148560.49776870428,157775.92078233478,145975.33600707445,29473.63262061098,138205.9666457501,144839.02744944568,141534.8609022821,133603.3972711291
82.0,19975.880565575346,19709.30872022199,19634.144518985624,19709.02286367374,19967.40439841957,20707.220480347754,18773.07483445708,18768.539812446357,20540.259051039688,25164.716976965767,61689.97863337483,98475.00038685939,61440.313159275465,21673.96871968893,53419.4358516263,152146.16237529216,147486.5162004382,53563.9738246307,24505.999273382648,150959.6495299138,160556.33702255465,148438.55912347938,25126.51426768015,136382.14477896443,146400.6534070641,143040.4256688094,131352.8638676996
83.0,19973.337178723206,19710.107277911073,19637.50123212857,19710.693499876495,19966.332828246355,20723.53205093846,18765.61700594825,18759.779928799588,20552.51031845888,31613.46043513636,63400.31698892801,94171.94946175502,62932.88080795148,26894.798177848905,61911.08881319977,149051.68431220442,144379.11864420594,61273.23195785194,24671.617813930236,153238.24747071788,163226.4897212059,150781.18542483385,24989.19191069334,134944.1674156571,148138.239965703,144705.53191727694,129633.38565722258
84.0,19970.369059087177,19709.902128232836,19639.343770228417,19711.151645743033,19964.48178420558,20735.706298319605,18757.391051237886,18750.26101311245,20559.857065482352,37586.846814145596,64686.25860883156,89832.94081748773,64045.14342648712,32894.95236270898,70166.79037745492,145229.6601672695,140488.03183462445,68710.20056909547,24827.54560938324,155518.56766080434,165996.29440880305,153119.25217328337,25185.84138658725,133768.11089009282,149931.48401692393,146503.68697452117,128318.07514135416
85.0,19966.283265837566,19708.72829517853,19639.89528495012,19709.962695646744,19961.052211972114,20745.685953428318,18747.261172448172,18738.726718403148,20563.478161677172,42964.53027663901,65532.192519874196,85514.05126567533,64757.87213434043,38415.01106991795,78175.03440116106,140742.26393847886,135952.66095600073,75972.74901328004,24959.104927486187,157775.36664736766,168853.63906340642,155465.28048208408,25372.461010312723,132917.49479754028,151966.79276298662,148355.48964011576,127261.60097890024
86.0,19960.83189288299,19706.24217819638,19639.070866048132,19707.526253134016,19955.803696805207,20753.411264651884,18736.411790986047,18726.25302552195,20565.21369605332,47662.25742126843,66042.52115965764,81321.0254848909,65189.56609715813,43331.59398852661,85880.30186641772,135934.6749537491,131120.297849014,83089.39814370406,25048.855254309463,159978.7899276941,171767.97250618355,157804.97171689948,25551.215328238857,132510.2885012544,154384.41127698432,150273.70694049494,126580.38117470892
87.0,19955.308706376723,19702.902044393486,19636.97810701356,19704.07951355735,19950.124611367293,20759.68043216115,18729.002651311574,18716.887981451604,20566.395961438026,51832.24342543494,66273.17575835345,77360.421071292,65423.28852469717,47751.7146776986,92927.40843417673,130889.33706715172,125987.57702691834,89556.07111734654,25117.027783966503,162109.20579368077,174695.23649565675,160090.86044090972,25690.123956864056,132593.7360651988,156989.65406648658,152711.00636031726,126412.75898904726
88.0,19951.6286694303,19699.864717149732,19634.97339945169,19701.141153721594,19946.715674527986,20770.584173352723,18726.639678691263,18713.333726850957,20573.00258665657,55764.4315924066,66355.79362076712,73710.51994695264,65560.99664201344,51877.51743662531,99998.66624833753,126045.45810455519,120986.86938258678,96046.28456418024,25167.46501023998,164185.771426995,177667.28079362446,162417.5508854467,25792.778069441767,132880.3798309006,159544.36263220094,155339.15110040604,126487.01447797733
89.0,19949.004085151148,19697.32825503955,19633.263727766338,19698.780943183,19944.297314122872,20780.473838872622,18725.00172644683,18709.99053881027,20578.479139470735,59321.819668134645,66203.64322644098,70360.374806259,65475.09074349173,55681.96854343456,106192.53793762732,120685.97119946816,115512.340526814,101741.84470530228,25213.902655239566,166069.6458034485,180397.48134882972,164501.26523487293,25876.85152294173,133665.361234053,162311.8092396968,158207.39905030216,127077.90383597989
90.0,19946.84608057241,19695.507325492013,19632.158415661495,19697.112922671433,19942.40731451966,20786.51655990163,18721.82176282094,18705.163829311325,20580.758150994214,62504.38614624786,65935.21448627756,67347.49842130621,65279.62645357863,59101.171053361955,111641.34915972206,114908.97256734576,109630.93281467646,106809.05637878863,25246.50911679107,167903.8050948257,183111.86812277898,166555.59353163847,25958.427741949297,134731.5892013603,165116.5223534688,161149.60186893956,128022.24660705542
